{"cameraMode":{"drawMode":0,"name":"Shaded","section":"Shading Mode"},"sceneLighting":true,"audioPlay":false,"sceneViewState":{"showFog":true,"showMaterialUpdate":false,"showSkybox":true,"showFlares":true,"showImageEffects":true,"showParticleSystems":true},"in2DMode":false,"pivot":{"x":-9.6572904586792,"y":-12.09461784362793,"z":2.6655259132385256},"rotation":{"x":0.3332297205924988,"y":-0.5217002034187317,"z":0.2316630780696869,"w":0.7504265308380127},"size":12.54690170288086,"orthographic":false}